group	fill	showSelectedlegendfill
1	#D95F02	test
2	#1B9E77	train
3	#D95F02	test
4	#1B9E77	train
5	#D95F02	test
6	#D95F02	test
7	#1B9E77	train
8	#1B9E77	train
9	#1B9E77	train
10	#1B9E77	train
11	#1B9E77	train
12	#D95F02	test
13	#D95F02	test
14	#1B9E77	train
15	#D95F02	test
16	#D95F02	test
17	#D95F02	test
18	#1B9E77	train
19	#1B9E77	train
20	#1B9E77	train
21	#1B9E77	train
22	#1B9E77	train
23	#D95F02	test
24	#1B9E77	train
25	#D95F02	test
26	#1B9E77	train
27	#D95F02	test
28	#1B9E77	train
29	#D95F02	test
30	#1B9E77	train
31	#1B9E77	train
32	#D95F02	test
33	#1B9E77	train
34	#1B9E77	train
35	#1B9E77	train
36	#1B9E77	train
37	#1B9E77	train
38	#D95F02	test
39	#1B9E77	train
40	#1B9E77	train
41	#1B9E77	train
42	#1B9E77	train
43	#1B9E77	train
44	#1B9E77	train
45	#D95F02	test
46	#D95F02	test
47	#D95F02	test
48	#1B9E77	train
49	#D95F02	test
50	#1B9E77	train
51	#D95F02	test
52	#1B9E77	train
53	#1B9E77	train
54	#1B9E77	train
55	#D95F02	test
56	#1B9E77	train
57	#1B9E77	train
58	#1B9E77	train
59	#D95F02	test
60	#1B9E77	train
61	#1B9E77	train
62	#D95F02	test
63	#1B9E77	train
64	#D95F02	test
65	#1B9E77	train
66	#1B9E77	train
67	#1B9E77	train
68	#1B9E77	train
69	#1B9E77	train
70	#1B9E77	train
71	#D95F02	test
72	#1B9E77	train
73	#1B9E77	train
74	#D95F02	test
75	#D95F02	test
76	#1B9E77	train
77	#1B9E77	train
78	#1B9E77	train
79	#1B9E77	train
80	#1B9E77	train
81	#D95F02	test
82	#D95F02	test
83	#D95F02	test
84	#1B9E77	train
85	#D95F02	test
86	#1B9E77	train
87	#1B9E77	train
88	#1B9E77	train
89	#1B9E77	train
90	#1B9E77	train
91	#1B9E77	train
92	#1B9E77	train
93	#1B9E77	train
94	#1B9E77	train
95	#D95F02	test
96	#D95F02	test
97	#1B9E77	train
98	#1B9E77	train
99	#1B9E77	train
100	#1B9E77	train
101	#D95F02	test
102	#1B9E77	train
103	#1B9E77	train
104	#D95F02	test
105	#1B9E77	train
106	#D95F02	test
107	#D95F02	test
108	#1B9E77	train
109	#1B9E77	train
110	#1B9E77	train
111	#D95F02	test
112	#1B9E77	train
113	#1B9E77	train
114	#1B9E77	train
115	#D95F02	test
116	#1B9E77	train
117	#1B9E77	train
118	#1B9E77	train
119	#1B9E77	train
120	#1B9E77	train
121	#1B9E77	train
122	#1B9E77	train
123	#1B9E77	train
124	#1B9E77	train
125	#D95F02	test
126	#D95F02	test
127	#1B9E77	train
128	#1B9E77	train
129	#1B9E77	train
130	#1B9E77	train
131	#1B9E77	train
132	#D95F02	test
133	#D95F02	test
134	#D95F02	test
135	#1B9E77	train
136	#D95F02	test
137	#1B9E77	train
138	#1B9E77	train
139	#D95F02	test
140	#1B9E77	train
141	#D95F02	test
142	#D95F02	test
143	#1B9E77	train
144	#1B9E77	train
145	#1B9E77	train
146	#D95F02	test
147	#D95F02	test
148	#1B9E77	train
149	#1B9E77	train
150	#1B9E77	train
151	#D95F02	test
152	#1B9E77	train
153	#D95F02	test
154	#1B9E77	train
155	#D95F02	test
156	#D95F02	test
157	#1B9E77	train
158	#1B9E77	train
159	#1B9E77	train
160	#1B9E77	train
161	#1B9E77	train
162	#D95F02	test
163	#D95F02	test
164	#1B9E77	train
165	#D95F02	test
166	#D95F02	test
167	#D95F02	test
168	#1B9E77	train
169	#1B9E77	train
170	#1B9E77	train
171	#1B9E77	train
172	#1B9E77	train
173	#D95F02	test
174	#1B9E77	train
175	#D95F02	test
176	#1B9E77	train
177	#D95F02	test
178	#1B9E77	train
179	#D95F02	test
180	#1B9E77	train
181	#1B9E77	train
182	#D95F02	test
183	#1B9E77	train
184	#1B9E77	train
185	#1B9E77	train
186	#1B9E77	train
187	#1B9E77	train
188	#D95F02	test
189	#1B9E77	train
190	#1B9E77	train
191	#1B9E77	train
192	#1B9E77	train
193	#1B9E77	train
194	#1B9E77	train
195	#D95F02	test
196	#D95F02	test
197	#D95F02	test
198	#1B9E77	train
199	#D95F02	test
200	#1B9E77	train
201	#D95F02	test
202	#1B9E77	train
203	#1B9E77	train
204	#1B9E77	train
205	#D95F02	test
206	#1B9E77	train
207	#1B9E77	train
208	#1B9E77	train
209	#D95F02	test
210	#1B9E77	train
211	#1B9E77	train
212	#D95F02	test
213	#1B9E77	train
214	#D95F02	test
215	#1B9E77	train
216	#1B9E77	train
217	#1B9E77	train
218	#1B9E77	train
219	#1B9E77	train
220	#1B9E77	train
221	#D95F02	test
222	#1B9E77	train
223	#1B9E77	train
224	#D95F02	test
225	#D95F02	test
226	#1B9E77	train
227	#1B9E77	train
228	#1B9E77	train
229	#1B9E77	train
230	#1B9E77	train
231	#D95F02	test
232	#D95F02	test
233	#D95F02	test
234	#1B9E77	train
235	#D95F02	test
236	#1B9E77	train
237	#1B9E77	train
238	#1B9E77	train
239	#1B9E77	train
240	#1B9E77	train
241	#1B9E77	train
242	#1B9E77	train
243	#1B9E77	train
244	#1B9E77	train
245	#D95F02	test
246	#D95F02	test
247	#1B9E77	train
248	#1B9E77	train
249	#1B9E77	train
250	#1B9E77	train
251	#D95F02	test
252	#1B9E77	train
253	#1B9E77	train
254	#D95F02	test
255	#1B9E77	train
256	#D95F02	test
257	#D95F02	test
258	#1B9E77	train
259	#1B9E77	train
260	#1B9E77	train
261	#D95F02	test
262	#1B9E77	train
263	#1B9E77	train
264	#1B9E77	train
265	#D95F02	test
266	#1B9E77	train
267	#1B9E77	train
268	#1B9E77	train
269	#1B9E77	train
270	#1B9E77	train
271	#1B9E77	train
272	#1B9E77	train
273	#1B9E77	train
274	#1B9E77	train
275	#D95F02	test
276	#D95F02	test
277	#1B9E77	train
278	#1B9E77	train
279	#1B9E77	train
280	#1B9E77	train
281	#1B9E77	train
282	#D95F02	test
283	#D95F02	test
284	#D95F02	test
285	#1B9E77	train
286	#D95F02	test
287	#1B9E77	train
288	#1B9E77	train
289	#D95F02	test
290	#1B9E77	train
291	#D95F02	test
292	#D95F02	test
293	#1B9E77	train
294	#1B9E77	train
295	#1B9E77	train
296	#D95F02	test
297	#D95F02	test
298	#1B9E77	train
299	#1B9E77	train
300	#1B9E77	train
301	#FFFFFF	unused
302	#FFFFFF	unused
303	#FFFFFF	unused
304	#FFFFFF	unused
305	#FFFFFF	unused
306	#FFFFFF	unused
307	#FFFFFF	unused
308	#FFFFFF	unused
309	#FFFFFF	unused
310	#FFFFFF	unused
311	#FFFFFF	unused
312	#FFFFFF	unused
313	#FFFFFF	unused
314	#FFFFFF	unused
315	#FFFFFF	unused
316	#FFFFFF	unused
317	#FFFFFF	unused
318	#FFFFFF	unused
319	#FFFFFF	unused
320	#FFFFFF	unused
321	#FFFFFF	unused
322	#FFFFFF	unused
323	#FFFFFF	unused
324	#FFFFFF	unused
325	#FFFFFF	unused
326	#FFFFFF	unused
327	#FFFFFF	unused
328	#FFFFFF	unused
329	#FFFFFF	unused
330	#FFFFFF	unused
331	#FFFFFF	unused
332	#FFFFFF	unused
333	#FFFFFF	unused
334	#FFFFFF	unused
335	#FFFFFF	unused
336	#FFFFFF	unused
337	#FFFFFF	unused
338	#FFFFFF	unused
339	#FFFFFF	unused
340	#FFFFFF	unused
341	#FFFFFF	unused
342	#FFFFFF	unused
343	#FFFFFF	unused
344	#FFFFFF	unused
345	#FFFFFF	unused
346	#FFFFFF	unused
347	#FFFFFF	unused
348	#FFFFFF	unused
349	#FFFFFF	unused
350	#FFFFFF	unused
351	#FFFFFF	unused
352	#FFFFFF	unused
353	#FFFFFF	unused
354	#FFFFFF	unused
355	#FFFFFF	unused
356	#FFFFFF	unused
357	#FFFFFF	unused
358	#FFFFFF	unused
359	#FFFFFF	unused
360	#FFFFFF	unused
361	#FFFFFF	unused
362	#FFFFFF	unused
363	#FFFFFF	unused
364	#FFFFFF	unused
365	#FFFFFF	unused
366	#FFFFFF	unused
367	#FFFFFF	unused
368	#FFFFFF	unused
369	#FFFFFF	unused
370	#FFFFFF	unused
371	#FFFFFF	unused
372	#FFFFFF	unused
373	#FFFFFF	unused
374	#FFFFFF	unused
375	#FFFFFF	unused
376	#FFFFFF	unused
377	#FFFFFF	unused
378	#FFFFFF	unused
379	#FFFFFF	unused
380	#FFFFFF	unused
381	#FFFFFF	unused
382	#FFFFFF	unused
383	#FFFFFF	unused
384	#FFFFFF	unused
385	#FFFFFF	unused
386	#FFFFFF	unused
387	#FFFFFF	unused
388	#FFFFFF	unused
389	#FFFFFF	unused
390	#FFFFFF	unused
391	#FFFFFF	unused
392	#FFFFFF	unused
393	#FFFFFF	unused
394	#FFFFFF	unused
395	#FFFFFF	unused
396	#FFFFFF	unused
397	#FFFFFF	unused
398	#FFFFFF	unused
399	#FFFFFF	unused
400	#FFFFFF	unused
401	#FFFFFF	unused
402	#FFFFFF	unused
403	#FFFFFF	unused
404	#FFFFFF	unused
405	#FFFFFF	unused
406	#FFFFFF	unused
407	#FFFFFF	unused
408	#FFFFFF	unused
409	#FFFFFF	unused
410	#FFFFFF	unused
411	#FFFFFF	unused
412	#FFFFFF	unused
413	#FFFFFF	unused
414	#FFFFFF	unused
415	#FFFFFF	unused
416	#FFFFFF	unused
417	#FFFFFF	unused
418	#FFFFFF	unused
419	#FFFFFF	unused
420	#FFFFFF	unused
421	#FFFFFF	unused
422	#FFFFFF	unused
423	#FFFFFF	unused
424	#FFFFFF	unused
425	#FFFFFF	unused
426	#FFFFFF	unused
427	#FFFFFF	unused
428	#FFFFFF	unused
429	#FFFFFF	unused
430	#FFFFFF	unused
431	#FFFFFF	unused
432	#FFFFFF	unused
433	#FFFFFF	unused
434	#FFFFFF	unused
435	#FFFFFF	unused
436	#FFFFFF	unused
437	#FFFFFF	unused
438	#FFFFFF	unused
439	#FFFFFF	unused
440	#FFFFFF	unused
441	#FFFFFF	unused
442	#FFFFFF	unused
443	#FFFFFF	unused
444	#FFFFFF	unused
445	#FFFFFF	unused
446	#FFFFFF	unused
447	#FFFFFF	unused
448	#FFFFFF	unused
449	#FFFFFF	unused
450	#FFFFFF	unused
451	#FFFFFF	unused
452	#FFFFFF	unused
453	#FFFFFF	unused
454	#FFFFFF	unused
455	#FFFFFF	unused
456	#FFFFFF	unused
457	#FFFFFF	unused
458	#FFFFFF	unused
459	#FFFFFF	unused
460	#FFFFFF	unused
461	#FFFFFF	unused
462	#FFFFFF	unused
463	#FFFFFF	unused
464	#FFFFFF	unused
465	#FFFFFF	unused
466	#FFFFFF	unused
467	#FFFFFF	unused
468	#FFFFFF	unused
469	#FFFFFF	unused
470	#FFFFFF	unused
471	#FFFFFF	unused
472	#FFFFFF	unused
473	#FFFFFF	unused
474	#FFFFFF	unused
475	#FFFFFF	unused
476	#FFFFFF	unused
477	#FFFFFF	unused
478	#FFFFFF	unused
479	#FFFFFF	unused
480	#FFFFFF	unused
481	#FFFFFF	unused
482	#FFFFFF	unused
483	#FFFFFF	unused
484	#FFFFFF	unused
485	#FFFFFF	unused
486	#FFFFFF	unused
487	#FFFFFF	unused
488	#FFFFFF	unused
489	#FFFFFF	unused
490	#FFFFFF	unused
491	#FFFFFF	unused
492	#FFFFFF	unused
493	#FFFFFF	unused
494	#FFFFFF	unused
495	#FFFFFF	unused
496	#FFFFFF	unused
497	#FFFFFF	unused
498	#FFFFFF	unused
499	#FFFFFF	unused
500	#FFFFFF	unused
501	#FFFFFF	unused
502	#FFFFFF	unused
503	#FFFFFF	unused
504	#FFFFFF	unused
505	#FFFFFF	unused
506	#FFFFFF	unused
507	#FFFFFF	unused
508	#FFFFFF	unused
509	#FFFFFF	unused
510	#FFFFFF	unused
511	#FFFFFF	unused
512	#FFFFFF	unused
513	#FFFFFF	unused
514	#FFFFFF	unused
515	#FFFFFF	unused
516	#FFFFFF	unused
517	#FFFFFF	unused
518	#FFFFFF	unused
519	#FFFFFF	unused
520	#FFFFFF	unused
521	#FFFFFF	unused
522	#FFFFFF	unused
523	#FFFFFF	unused
524	#FFFFFF	unused
525	#FFFFFF	unused
526	#FFFFFF	unused
527	#FFFFFF	unused
528	#FFFFFF	unused
529	#FFFFFF	unused
530	#FFFFFF	unused
531	#FFFFFF	unused
532	#FFFFFF	unused
533	#FFFFFF	unused
534	#FFFFFF	unused
535	#FFFFFF	unused
536	#FFFFFF	unused
537	#FFFFFF	unused
538	#FFFFFF	unused
539	#FFFFFF	unused
540	#FFFFFF	unused
541	#FFFFFF	unused
542	#FFFFFF	unused
543	#FFFFFF	unused
544	#FFFFFF	unused
545	#FFFFFF	unused
546	#FFFFFF	unused
547	#FFFFFF	unused
548	#FFFFFF	unused
549	#FFFFFF	unused
550	#FFFFFF	unused
551	#FFFFFF	unused
552	#FFFFFF	unused
553	#FFFFFF	unused
554	#FFFFFF	unused
555	#FFFFFF	unused
556	#FFFFFF	unused
557	#FFFFFF	unused
558	#FFFFFF	unused
559	#FFFFFF	unused
560	#FFFFFF	unused
561	#FFFFFF	unused
562	#FFFFFF	unused
563	#FFFFFF	unused
564	#FFFFFF	unused
565	#FFFFFF	unused
566	#FFFFFF	unused
567	#FFFFFF	unused
568	#FFFFFF	unused
569	#FFFFFF	unused
570	#FFFFFF	unused
571	#FFFFFF	unused
572	#FFFFFF	unused
573	#FFFFFF	unused
574	#FFFFFF	unused
575	#FFFFFF	unused
576	#FFFFFF	unused
577	#FFFFFF	unused
578	#FFFFFF	unused
579	#FFFFFF	unused
580	#FFFFFF	unused
581	#FFFFFF	unused
582	#FFFFFF	unused
583	#FFFFFF	unused
584	#FFFFFF	unused
585	#FFFFFF	unused
586	#FFFFFF	unused
587	#FFFFFF	unused
588	#FFFFFF	unused
589	#FFFFFF	unused
590	#FFFFFF	unused
591	#FFFFFF	unused
592	#FFFFFF	unused
593	#FFFFFF	unused
594	#FFFFFF	unused
595	#FFFFFF	unused
596	#FFFFFF	unused
597	#FFFFFF	unused
598	#FFFFFF	unused
599	#FFFFFF	unused
600	#FFFFFF	unused
601	#1B9E77	train
602	#D95F02	test
603	#1B9E77	train
604	#D95F02	test
605	#D95F02	test
606	#1B9E77	train
607	#D95F02	test
608	#1B9E77	train
609	#1B9E77	train
610	#1B9E77	train
611	#1B9E77	train
612	#1B9E77	train
613	#1B9E77	train
614	#D95F02	test
615	#1B9E77	train
616	#D95F02	test
617	#1B9E77	train
618	#1B9E77	train
619	#1B9E77	train
620	#1B9E77	train
621	#D95F02	test
622	#1B9E77	train
623	#1B9E77	train
624	#D95F02	test
625	#D95F02	test
626	#D95F02	test
627	#D95F02	test
628	#1B9E77	train
629	#D95F02	test
630	#D95F02	test
631	#D95F02	test
632	#1B9E77	train
633	#1B9E77	train
634	#D95F02	test
635	#1B9E77	train
636	#1B9E77	train
637	#D95F02	test
638	#1B9E77	train
639	#1B9E77	train
640	#1B9E77	train
641	#1B9E77	train
642	#1B9E77	train
643	#1B9E77	train
644	#1B9E77	train
645	#1B9E77	train
646	#D95F02	test
647	#D95F02	test
648	#1B9E77	train
649	#D95F02	test
650	#1B9E77	train
651	#1B9E77	train
652	#1B9E77	train
653	#1B9E77	train
654	#1B9E77	train
655	#D95F02	test
656	#1B9E77	train
657	#1B9E77	train
658	#1B9E77	train
659	#1B9E77	train
660	#1B9E77	train
661	#D95F02	test
662	#1B9E77	train
663	#1B9E77	train
664	#1B9E77	train
665	#1B9E77	train
666	#1B9E77	train
667	#1B9E77	train
668	#1B9E77	train
669	#D95F02	test
670	#D95F02	test
671	#D95F02	test
672	#1B9E77	train
673	#1B9E77	train
674	#1B9E77	train
675	#1B9E77	train
676	#D95F02	test
677	#1B9E77	train
678	#1B9E77	train
679	#D95F02	test
680	#D95F02	test
681	#1B9E77	train
682	#1B9E77	train
683	#D95F02	test
684	#1B9E77	train
685	#1B9E77	train
686	#D95F02	test
687	#1B9E77	train
688	#1B9E77	train
689	#1B9E77	train
690	#1B9E77	train
691	#1B9E77	train
692	#1B9E77	train
693	#1B9E77	train
694	#D95F02	test
695	#D95F02	test
696	#1B9E77	train
697	#1B9E77	train
698	#D95F02	test
699	#1B9E77	train
700	#1B9E77	train
701	#1B9E77	train
702	#1B9E77	train
703	#D95F02	test
704	#D95F02	test
705	#1B9E77	train
706	#D95F02	test
707	#1B9E77	train
708	#D95F02	test
709	#D95F02	test
710	#1B9E77	train
711	#1B9E77	train
712	#1B9E77	train
713	#1B9E77	train
714	#D95F02	test
715	#1B9E77	train
716	#D95F02	test
717	#1B9E77	train
718	#1B9E77	train
719	#1B9E77	train
720	#1B9E77	train
721	#1B9E77	train
722	#D95F02	test
723	#D95F02	test
724	#1B9E77	train
725	#1B9E77	train
726	#1B9E77	train
727	#1B9E77	train
728	#D95F02	test
729	#1B9E77	train
730	#1B9E77	train
731	#D95F02	test
732	#D95F02	test
733	#1B9E77	train
734	#1B9E77	train
735	#1B9E77	train
736	#1B9E77	train
737	#1B9E77	train
738	#1B9E77	train
739	#1B9E77	train
740	#D95F02	test
741	#1B9E77	train
742	#D95F02	test
743	#1B9E77	train
744	#D95F02	test
745	#1B9E77	train
746	#D95F02	test
747	#D95F02	test
748	#D95F02	test
749	#1B9E77	train
750	#1B9E77	train
751	#1B9E77	train
752	#D95F02	test
753	#1B9E77	train
754	#D95F02	test
755	#D95F02	test
756	#1B9E77	train
757	#D95F02	test
758	#1B9E77	train
759	#1B9E77	train
760	#1B9E77	train
761	#1B9E77	train
762	#1B9E77	train
763	#1B9E77	train
764	#D95F02	test
765	#1B9E77	train
766	#D95F02	test
767	#1B9E77	train
768	#1B9E77	train
769	#1B9E77	train
770	#1B9E77	train
771	#D95F02	test
772	#1B9E77	train
773	#1B9E77	train
774	#D95F02	test
775	#D95F02	test
776	#D95F02	test
777	#D95F02	test
778	#1B9E77	train
779	#D95F02	test
780	#D95F02	test
781	#D95F02	test
782	#1B9E77	train
783	#1B9E77	train
784	#D95F02	test
785	#1B9E77	train
786	#1B9E77	train
787	#D95F02	test
788	#1B9E77	train
789	#1B9E77	train
790	#1B9E77	train
791	#1B9E77	train
792	#1B9E77	train
793	#1B9E77	train
794	#1B9E77	train
795	#1B9E77	train
796	#D95F02	test
797	#D95F02	test
798	#1B9E77	train
799	#D95F02	test
800	#1B9E77	train
801	#1B9E77	train
802	#1B9E77	train
803	#1B9E77	train
804	#1B9E77	train
805	#D95F02	test
806	#1B9E77	train
807	#1B9E77	train
808	#1B9E77	train
809	#1B9E77	train
810	#1B9E77	train
811	#D95F02	test
812	#1B9E77	train
813	#1B9E77	train
814	#1B9E77	train
815	#1B9E77	train
816	#1B9E77	train
817	#1B9E77	train
818	#1B9E77	train
819	#D95F02	test
820	#D95F02	test
821	#D95F02	test
822	#1B9E77	train
823	#1B9E77	train
824	#1B9E77	train
825	#1B9E77	train
826	#D95F02	test
827	#1B9E77	train
828	#1B9E77	train
829	#D95F02	test
830	#D95F02	test
831	#1B9E77	train
832	#1B9E77	train
833	#D95F02	test
834	#1B9E77	train
835	#1B9E77	train
836	#D95F02	test
837	#1B9E77	train
838	#1B9E77	train
839	#1B9E77	train
840	#1B9E77	train
841	#1B9E77	train
842	#1B9E77	train
843	#1B9E77	train
844	#D95F02	test
845	#D95F02	test
846	#1B9E77	train
847	#1B9E77	train
848	#D95F02	test
849	#1B9E77	train
850	#1B9E77	train
851	#1B9E77	train
852	#1B9E77	train
853	#D95F02	test
854	#D95F02	test
855	#1B9E77	train
856	#D95F02	test
857	#1B9E77	train
858	#D95F02	test
859	#D95F02	test
860	#1B9E77	train
861	#1B9E77	train
862	#1B9E77	train
863	#1B9E77	train
864	#D95F02	test
865	#1B9E77	train
866	#D95F02	test
867	#1B9E77	train
868	#1B9E77	train
869	#1B9E77	train
870	#1B9E77	train
871	#1B9E77	train
872	#D95F02	test
873	#D95F02	test
874	#1B9E77	train
875	#1B9E77	train
876	#1B9E77	train
877	#1B9E77	train
878	#D95F02	test
879	#1B9E77	train
880	#1B9E77	train
881	#D95F02	test
882	#D95F02	test
883	#1B9E77	train
884	#1B9E77	train
885	#1B9E77	train
886	#1B9E77	train
887	#1B9E77	train
888	#1B9E77	train
889	#1B9E77	train
890	#D95F02	test
891	#1B9E77	train
892	#D95F02	test
893	#1B9E77	train
894	#D95F02	test
895	#1B9E77	train
896	#D95F02	test
897	#D95F02	test
898	#D95F02	test
899	#1B9E77	train
900	#1B9E77	train
901	#FFFFFF	unused
902	#FFFFFF	unused
903	#FFFFFF	unused
904	#FFFFFF	unused
905	#FFFFFF	unused
906	#FFFFFF	unused
907	#FFFFFF	unused
908	#FFFFFF	unused
909	#FFFFFF	unused
910	#FFFFFF	unused
911	#FFFFFF	unused
912	#FFFFFF	unused
913	#FFFFFF	unused
914	#FFFFFF	unused
915	#FFFFFF	unused
916	#FFFFFF	unused
917	#FFFFFF	unused
918	#FFFFFF	unused
919	#FFFFFF	unused
920	#FFFFFF	unused
921	#FFFFFF	unused
922	#FFFFFF	unused
923	#FFFFFF	unused
924	#FFFFFF	unused
925	#FFFFFF	unused
926	#FFFFFF	unused
927	#FFFFFF	unused
928	#FFFFFF	unused
929	#FFFFFF	unused
930	#FFFFFF	unused
931	#FFFFFF	unused
932	#FFFFFF	unused
933	#FFFFFF	unused
934	#FFFFFF	unused
935	#FFFFFF	unused
936	#FFFFFF	unused
937	#FFFFFF	unused
938	#FFFFFF	unused
939	#FFFFFF	unused
940	#FFFFFF	unused
941	#FFFFFF	unused
942	#FFFFFF	unused
943	#FFFFFF	unused
944	#FFFFFF	unused
945	#FFFFFF	unused
946	#FFFFFF	unused
947	#FFFFFF	unused
948	#FFFFFF	unused
949	#FFFFFF	unused
950	#FFFFFF	unused
951	#FFFFFF	unused
952	#FFFFFF	unused
953	#FFFFFF	unused
954	#FFFFFF	unused
955	#FFFFFF	unused
956	#FFFFFF	unused
957	#FFFFFF	unused
958	#FFFFFF	unused
959	#FFFFFF	unused
960	#FFFFFF	unused
961	#FFFFFF	unused
962	#FFFFFF	unused
963	#FFFFFF	unused
964	#FFFFFF	unused
965	#FFFFFF	unused
966	#FFFFFF	unused
967	#FFFFFF	unused
968	#FFFFFF	unused
969	#FFFFFF	unused
970	#FFFFFF	unused
971	#FFFFFF	unused
972	#FFFFFF	unused
973	#FFFFFF	unused
974	#FFFFFF	unused
975	#FFFFFF	unused
976	#FFFFFF	unused
977	#FFFFFF	unused
978	#FFFFFF	unused
979	#FFFFFF	unused
980	#FFFFFF	unused
981	#FFFFFF	unused
982	#FFFFFF	unused
983	#FFFFFF	unused
984	#FFFFFF	unused
985	#FFFFFF	unused
986	#FFFFFF	unused
987	#FFFFFF	unused
988	#FFFFFF	unused
989	#FFFFFF	unused
990	#FFFFFF	unused
991	#FFFFFF	unused
992	#FFFFFF	unused
993	#FFFFFF	unused
994	#FFFFFF	unused
995	#FFFFFF	unused
996	#FFFFFF	unused
997	#FFFFFF	unused
998	#FFFFFF	unused
999	#FFFFFF	unused
1000	#FFFFFF	unused
1001	#FFFFFF	unused
1002	#FFFFFF	unused
1003	#FFFFFF	unused
1004	#FFFFFF	unused
1005	#FFFFFF	unused
1006	#FFFFFF	unused
1007	#FFFFFF	unused
1008	#FFFFFF	unused
1009	#FFFFFF	unused
1010	#FFFFFF	unused
1011	#FFFFFF	unused
1012	#FFFFFF	unused
1013	#FFFFFF	unused
1014	#FFFFFF	unused
1015	#FFFFFF	unused
1016	#FFFFFF	unused
1017	#FFFFFF	unused
1018	#FFFFFF	unused
1019	#FFFFFF	unused
1020	#FFFFFF	unused
1021	#FFFFFF	unused
1022	#FFFFFF	unused
1023	#FFFFFF	unused
1024	#FFFFFF	unused
1025	#FFFFFF	unused
1026	#FFFFFF	unused
1027	#FFFFFF	unused
1028	#FFFFFF	unused
1029	#FFFFFF	unused
1030	#FFFFFF	unused
1031	#FFFFFF	unused
1032	#FFFFFF	unused
1033	#FFFFFF	unused
1034	#FFFFFF	unused
1035	#FFFFFF	unused
1036	#FFFFFF	unused
1037	#FFFFFF	unused
1038	#FFFFFF	unused
1039	#FFFFFF	unused
1040	#FFFFFF	unused
1041	#FFFFFF	unused
1042	#FFFFFF	unused
1043	#FFFFFF	unused
1044	#FFFFFF	unused
1045	#FFFFFF	unused
1046	#FFFFFF	unused
1047	#FFFFFF	unused
1048	#FFFFFF	unused
1049	#FFFFFF	unused
1050	#FFFFFF	unused
1051	#FFFFFF	unused
1052	#FFFFFF	unused
1053	#FFFFFF	unused
1054	#FFFFFF	unused
1055	#FFFFFF	unused
1056	#FFFFFF	unused
1057	#FFFFFF	unused
1058	#FFFFFF	unused
1059	#FFFFFF	unused
1060	#FFFFFF	unused
1061	#FFFFFF	unused
1062	#FFFFFF	unused
1063	#FFFFFF	unused
1064	#FFFFFF	unused
1065	#FFFFFF	unused
1066	#FFFFFF	unused
1067	#FFFFFF	unused
1068	#FFFFFF	unused
1069	#FFFFFF	unused
1070	#FFFFFF	unused
1071	#FFFFFF	unused
1072	#FFFFFF	unused
1073	#FFFFFF	unused
1074	#FFFFFF	unused
1075	#FFFFFF	unused
1076	#FFFFFF	unused
1077	#FFFFFF	unused
1078	#FFFFFF	unused
1079	#FFFFFF	unused
1080	#FFFFFF	unused
1081	#FFFFFF	unused
1082	#FFFFFF	unused
1083	#FFFFFF	unused
1084	#FFFFFF	unused
1085	#FFFFFF	unused
1086	#FFFFFF	unused
1087	#FFFFFF	unused
1088	#FFFFFF	unused
1089	#FFFFFF	unused
1090	#FFFFFF	unused
1091	#FFFFFF	unused
1092	#FFFFFF	unused
1093	#FFFFFF	unused
1094	#FFFFFF	unused
1095	#FFFFFF	unused
1096	#FFFFFF	unused
1097	#FFFFFF	unused
1098	#FFFFFF	unused
1099	#FFFFFF	unused
1100	#FFFFFF	unused
1101	#FFFFFF	unused
1102	#FFFFFF	unused
1103	#FFFFFF	unused
1104	#FFFFFF	unused
1105	#FFFFFF	unused
1106	#FFFFFF	unused
1107	#FFFFFF	unused
1108	#FFFFFF	unused
1109	#FFFFFF	unused
1110	#FFFFFF	unused
1111	#FFFFFF	unused
1112	#FFFFFF	unused
1113	#FFFFFF	unused
1114	#FFFFFF	unused
1115	#FFFFFF	unused
1116	#FFFFFF	unused
1117	#FFFFFF	unused
1118	#FFFFFF	unused
1119	#FFFFFF	unused
1120	#FFFFFF	unused
1121	#FFFFFF	unused
1122	#FFFFFF	unused
1123	#FFFFFF	unused
1124	#FFFFFF	unused
1125	#FFFFFF	unused
1126	#FFFFFF	unused
1127	#FFFFFF	unused
1128	#FFFFFF	unused
1129	#FFFFFF	unused
1130	#FFFFFF	unused
1131	#FFFFFF	unused
1132	#FFFFFF	unused
1133	#FFFFFF	unused
1134	#FFFFFF	unused
1135	#FFFFFF	unused
1136	#FFFFFF	unused
1137	#FFFFFF	unused
1138	#FFFFFF	unused
1139	#FFFFFF	unused
1140	#FFFFFF	unused
1141	#FFFFFF	unused
1142	#FFFFFF	unused
1143	#FFFFFF	unused
1144	#FFFFFF	unused
1145	#FFFFFF	unused
1146	#FFFFFF	unused
1147	#FFFFFF	unused
1148	#FFFFFF	unused
1149	#FFFFFF	unused
1150	#FFFFFF	unused
1151	#FFFFFF	unused
1152	#FFFFFF	unused
1153	#FFFFFF	unused
1154	#FFFFFF	unused
1155	#FFFFFF	unused
1156	#FFFFFF	unused
1157	#FFFFFF	unused
1158	#FFFFFF	unused
1159	#FFFFFF	unused
1160	#FFFFFF	unused
1161	#FFFFFF	unused
1162	#FFFFFF	unused
1163	#FFFFFF	unused
1164	#FFFFFF	unused
1165	#FFFFFF	unused
1166	#FFFFFF	unused
1167	#FFFFFF	unused
1168	#FFFFFF	unused
1169	#FFFFFF	unused
1170	#FFFFFF	unused
1171	#FFFFFF	unused
1172	#FFFFFF	unused
1173	#FFFFFF	unused
1174	#FFFFFF	unused
1175	#FFFFFF	unused
1176	#FFFFFF	unused
1177	#FFFFFF	unused
1178	#FFFFFF	unused
1179	#FFFFFF	unused
1180	#FFFFFF	unused
1181	#FFFFFF	unused
1182	#FFFFFF	unused
1183	#FFFFFF	unused
1184	#FFFFFF	unused
1185	#FFFFFF	unused
1186	#FFFFFF	unused
1187	#FFFFFF	unused
1188	#FFFFFF	unused
1189	#FFFFFF	unused
1190	#FFFFFF	unused
1191	#FFFFFF	unused
1192	#FFFFFF	unused
1193	#FFFFFF	unused
1194	#FFFFFF	unused
1195	#FFFFFF	unused
1196	#FFFFFF	unused
1197	#FFFFFF	unused
1198	#FFFFFF	unused
1199	#FFFFFF	unused
1200	#FFFFFF	unused
